ip,hostname
100.11.140.238,pool-100-11-140-238.phlapa.fios.verizon.net
101.179.202.194,cpe-101-179-202-194.nb01.nsw.asp.telstra.net
101.71.233.8,N/A
101.99.88.61,server1.kamon.la
101.99.89.193,server1.kamon.la
101.99.89.223,server1.kamon.la
101.99.89.67,server1.kamon.la
103.148.150.30,zun.com
103.16.100.2,node103161002.ipptr.com
103.198.18.25,clanxie.life
103.216.158.100,103-216-158-100.static.rdcw.co.th
103.224.165.190,190-165-224-103.myrepublic.com.sg
103.224.86.250,N/A
103.27.79.112,N/A
103.80.48.99,N/A
103.82.208.166,N/A
103.84.175.30,tomattos.3cx.blue;kvm.colorbytes.net
103.94.51.57,103-94-51-57.675e33.per.nbn.aussiebb.net
104.128.58.115,N/A
104.131.47.208,clanxie.life
104.176.44.92,104-176-44-92.lightspeed.mdsnwi.sbcglobal.net;clanxie.life
104.178.202.0,104-178-202-0.lightspeed.tukrga.sbcglobal.net
104.184.33.75,104-184-33-75.lightspeed.sndgca.sbcglobal.net
104.186.87.3,104-186-87-3.lightspeed.frokca.sbcglobal.net
104.188.14.177,104-188-14-177.lightspeed.stlsmo.sbcglobal.net
104.247.187.231,104.247.187.231.marsdatacenter.net
104.52.203.221,104-52-203-221.lightspeed.tulsok.sbcglobal.net
104.57.220.159,N/A
105.244.195.217,vc-gp-n-105-244-195-217.umts.vodacom.co.za
106.41.140.64,N/A
106.51.48.121,broadband.actcorp.in
106.55.158.199,clanxie.life
107.11.148.122,syn-107-011-148-122.res.spectrum.com
107.129.93.53,webdeck.com;107-129-93-53.lightspeed.sntcca.sbcglobal.net
107.173.152.173,107-173-152-173-host.colocrossing.com;clanxie.cn
107.199.32.249,107-199-32-249.lightspeed.gdrpmi.sbcglobal.net
107.209.155.114,adsl-107-209-155-114.lightspeed.sntcca.sbcglobal.net
107.209.40.151,kvm2.technovationllc.com;107-209-40-151.lightspeed.stlsmo.sbcglobal.net
107.209.40.152,kvm.technovationllc.com;107-209-40-152.lightspeed.stlsmo.sbcglobal.net
107.215.240.57,107-215-240-57.lightspeed.nsvltn.sbcglobal.net
108.161.145.25,N/A
108.180.104.23,N/A
108.180.107.237,N/A
108.180.107.52,N/A
108.20.163.89,pool-108-20-163-89.bstnma.fios.verizon.net
108.217.225.128,www.netirix.org;netirix.org;108-217-225-128.lightspeed.sntcca.sbcglobal.net
108.231.234.169,108-231-234-169.lightspeed.wlfrct.sbcglobal.net
108.231.67.84,108-231-67-84.lightspeed.stlsmo.sbcglobal.net
108.30.254.41,pool-108-30-254-41.nycmny.fios.verizon.net
108.35.97.148,pool-108-35-97-148.nwrknj.fios.verizon.net
108.36.218.213,pool-108-36-218-213.phlapa.fios.verizon.net
108.52.53.18,pool-108-52-53-18.phlapa.fios.verizon.net
108.60.58.12,N/A
108.6.150.47,pool-108-6-150-47.nycmny.fios.verizon.net
109.136.241.204,204.241-136-109.fia-dyn.isp.proximus.be
109.147.230.183,host109-147-230-183.range109-147.btcentralplus.com
109.149.63.15,host109-149-63-15.range109-149.btcentralplus.com
109.255.90.13,kvm.mmauro.page
109.50.217.28,a109-50-217-28.cpe.netcabo.pt
110.188.24.21,N/A
110.19.172.148,onlyrzc.com
110.42.14.200,N/A
111.170.148.126,N/A
111.221.134.210,N/A
111.242.150.51,111-242-150-51.dynamic-ip.hinet.net
111.242.160.140,111-242-160-140.dynamic-ip.hinet.net
111.90.140.118,server1.kamon.la
111.90.141.101,server1.kamon.la
111.90.141.151,server1.kamon.la
111.90.141.43,server1.kamon.la
111.90.145.133,server1.kamon.la
111.90.158.245,server1.kamon.la
111.90.158.82,server1.kamon.la
111.90.159.177,server1.kamon.la
112.119.174.220,n112119174220.netvigator.com
112.160.125.86,N/A
112.160.54.237,dev.leafrains.com
112.168.75.177,N/A
112.169.115.48,N/A
112.171.63.96,pikvm.spider42.com
112.186.212.92,N/A
113.67.176.155,N/A
113.68.252.225,N/A
114.134.166.148,114-134-166-148.static.nztechnologygroup.com
114.253.58.229,N/A
114.32.188.229,114-32-188-229.hinet-ip.hinet.net
114.34.26.112,114-34-26-112.hinet-ip.hinet.net
115.179.182.58,v88.seis333.mydns.jp;115-179-182-58.east.fdn.vectant.ne.jp
116.109.24.25,N/A
116.48.64.251,n1164864251.netvigator.com
116.49.21.249,n1164921249.netvigator.com
117.30.173.3,3.173.30.117.broad.xm.fj.dynamic.163data.com.cn
117.72.61.29,N/A
118.150.226.39,n226-h39.150.118.dynamic.da.net.tw
118.168.222.213,118-168-222-213.dynamic-ip.hinet.net
118.250.161.47,N/A
118.250.162.193,N/A
118.35.209.31,N/A
119.17.143.219,119-17-143-219.77118f.mel.nbn.aussiebb.net
119.205.124.64,N/A
120.12.122.69,N/A
120.78.3.67,N/A
121.122.67.236,N/A
121.130.40.106,N/A
121.135.130.233,N/A
121.138.199.210,N/A
121.140.201.43,N/A
121.140.201.76,N/A
121.143.250.60,N/A
121.147.70.188,N/A
121.159.11.67,N/A
121.159.74.235,N/A
121.161.56.75,N/A
121.162.19.97,N/A
121.165.235.10,N/A
121.167.197.54,N/A
121.172.243.1,N/A
121.175.150.215,N/A
121.187.56.241,N/A
121.190.252.116,N/A
121.191.38.253,N/A
121.28.179.94,hebei.28.121.in-addr.arpa
122.116.122.137,marksoft.cc;122-116-122-137.hinet-ip.hinet.net
122.155.218.95,N/A
122.226.124.94,N/A
12.228.227.39,office.loomsurge.com
123.1.220.9,123001220009.ctinets.com
123.124.130.72,N/A
123.155.18.132,N/A
123.155.8.148,N/A
123.172.182.77,N/A
123.173.72.161,gl.91557.cn
123.214.61.5,N/A
123.57.24.86,N/A
1.236.219.90,N/A
124.122.87.183,ppp-124-122-87-183.revip2.asianet.co.th
124.122.89.179,ppp-124-122-89-179.revip2.asianet.co.th
124.144.197.48,kvm.gmon.mydns.jp;124-144-197-48.rev.home.ne.jp
124.16.103.71,N/A
124.235.115.239,gl.91557.cn
1.243.47.249,N/A
124.72.52.9,9.52.72.124.broad.xm.fj.dynamic.163data.com.cn
125.133.39.226,N/A
125.134.50.142,N/A
125.136.186.30,N/A
125.136.216.117,N/A
125.138.114.80,N/A
125.143.59.125,N/A
126.203.140.6,softbank126203140006.bbtec.net
128.111.163.70,N/A
128.134.192.112,N/A
128.136.143.178,mspkvm.com
128.199.59.88,pikvm.cloud
129.143.176.132,perseus.nav4school.de
129.21.233.6,gan-1248-mac-j0.cad.rit.edu
129.21.233.68,gan-1248-mac-j1.cad.rit.edu
12.97.133.84,N/A
130.180.58.237,ip-130-180-058-237.um40.pools.vodafone-ip.de
130.237.67.43,pool067-43.speech.kth.se
130.255.153.87,staticline-130-255-153-87.toya.net.pl
131.113.206.22,k-fs.fbc.keio.ac.jp
131.215.167.213,dhcp-167-213.caltech.edu
131.93.208.79,syn-131-093-208-079.res.spectrum.com
13.41.146.225,ec2-13-41-146-225.eu-west-2.compute.amazonaws.com;www.blikvm.com;blikvm.com
1.34.173.56,1-34-173-56.hinet-ip.hinet.net
134.199.193.8,clanxie.life
134.209.190.252,pi-kvm.org;pikvm.org
134.249.77.2,134-249-77-2.broadband.kyivstar.net
134.56.160.167,134.56.160.167.hwccustomers.com
135.180.152.29,135-180-152-29.fiber.dynamic.sonic.net
1.36.117.129,1-36-117-129.ptr.netvigator.com
136.24.44.207,136-24-44-207.cab.webpass.net
136.35.223.174,136-35-223-174.googlefiber.net
136.38.108.215,136-38-108-215.googlefiber.net
136.47.247.115,136-47-247-115.googlefiber.net
136.60.192.229,136-60-192-229.googlefiber.net
136.61.98.43,136-61-98-43.googlefiber.net
136.62.210.26,136-62-210-26.googlefiber.net
1.36.66.180,1-36-66-180.ptr.netvigator.com
138.124.74.226,clanxie.life
139.196.232.99,clanxie.life
139.196.87.243,N/A
141.11.114.241,N/A
141.2.163.40,pikvm.fb01.uni-frankfurt.de
142.114.145.126,bras-base-clbaon0201w-grc-32-142-114-145-126.dsl.bell.ca
142.115.50.227,bras-base-kgtnon0864w-grc-08-142-115-50-227.dsl.bell.ca
142.126.100.165,bras-base-orlnon0608w-grc-35-142-126-100-165.dsl.bell.ca
14.215.162.114,r1-guangzhou-dev.glkvm.cn
14.215.162.120,N/A
142.180.20.46,N/A
142.181.28.152,N/A
142.181.63.98,N/A
14.22.113.179,N/A
142.214.205.190,N/A
142.248.228.173,N/A
142.248.228.241,N/A
14.241.91.205,static.vnpt.vn
142.93.135.113,N/A
143.223.151.10,N/A
14.35.164.43,N/A
14.37.29.117,N/A
14.37.29.231,N/A
14.39.143.225,N/A
144.208.72.200,www.kvm78ujo7.remoteaccess.inmotionhosting.com;kvm78ujo7.remoteaccess.inmotionhosting.com
144.208.85.25,N/A
144.2.118.160,bbcs-118-160.pub.wingo.ch
14.43.113.163,N/A
14.44.50.216,N/A
144.6.85.53,N/A
144.86.73.3,N/A
14.50.240.230,N/A
145.236.109.220,91EC6DDC.dsl.pool.telekom.hu
14.54.209.224,N/A
14.55.241.133,N/A
146.168.155.116,d-146-168-155-116.va.cpe.atlanticbb.net;pikvm.arc-knight.com
146.190.240.177,N/A
147.0.108.212,syn-147-000-108-212.biz.spectrum.com
147.12.244.230,N/A
147.192.28.48,fp93c01c30.tkyc208.ap.nuro.jp
147.50.231.30,idc-147-50-231-30.customer.csloxinfo.com
148.135.104.55,kvmnerds.com
148.224.62.14,148-224-62-14.masterdaweb.com
148.224.62.17,148-224-62-17.masterdaweb.com
148.251.128.13,static.13.128.251.148.clients.your-server.de
149.22.74.45,N/A
149.232.200.68,N/A
149.28.123.75,149.28.123.75.vultrusercontent.com;clanxie.life
149.86.76.66,N/A
151.12.169.140,N/A
151.198.54.123,pool-151-198-54-123.nwrknj.fios.verizon.net
151.249.104.188,gw.iveritas.eu
15.235.162.252,vps-169446ef.vps.ovh.ca
152.66.115.171,dhcp12.eik.bme.hu
152.66.246.119,dani.tmit.bme.hu
153.202.218.57,p4245057-ipxg00f01osakachuo.osaka.ocn.ne.jp
153.232.252.41,41.252.232.153.ap.dti.ne.jp
154.3.39.39,lotgain.com;Host-By.DMIT.com
154.57.209.141,N/A
155.101.16.165,psikvm.chpc.utah.edu
155.138.214.254,155.138.214.254.vultrusercontent.com
157.131.119.14,157-131-119-14.fiber.dynamic.sonic.net
158.193.135.101,N/A
158.51.69.204,N/A
159.26.46.199,d159-26-46-199.home1.cgocable.net
160.179.152.124,N/A
160.218.97.225,160-218-97-225.rea.o2.cz
160.238.243.88,160-238-243-88.host.worldnetfibra.com.br;kv2.teleresonance.com.br
160.25.5.228,N/A
161.81.189.37,161.81.189.37.hk.chinamobile.com
161.97.194.8,161-097-194-008.v4.mynextlight.net
162.14.70.67,N/A
162.227.241.5,162-227-241-5.lightspeed.wlfrct.sbcglobal.net
162.251.236.229,236-251-162.unassigned.userdns.com
162.81.184.96,N/A
163.61.241.166,166.241.61.163.dotinternetbd.com
164.126.140.234,user-static-164-126-140-234.mobile.play-internet.pl
1.64.19.168,1-64-19-168.static.netvigator.com;hk.xxdss.top
164.52.6.38,N/A
165.173.0.43,165-173-0-43.myrepublic.com.sg;methium.click
165.228.185.73,N/A
165.232.62.159,clanxie.life
167.20.12.184,N/A
167.86.134.105,N/A
167.86.170.204,N/A
167.88.154.201,unknown.scnet.net
167.88.154.202,unknown.scnet.net
168.126.136.168,N/A
168.227.96.139,pikvm.costaflores.openvino.org;168-227-96-139.ptr.westnet.com.ar
169.197.143.190,190-143-197-169.clients.gthost.com
169.229.139.204,kvm.gspp.berkeley.edu
171.247.51.193,dynamic-ip-adsl.viettel.vn
172.109.129.206,static-172-109-129-206.tamp.fl.frontiernet.net
172.114.225.167,syn-172-114-225-167.res.spectrum.com
172.1.237.228,172-1-237-228.lightspeed.knvltn.sbcglobal.net
172.125.143.191,172-125-143-191.lightspeed.rcsntx.sbcglobal.net
172.221.13.113,syn-172-221-013-113.res.spectrum.com
172.4.236.180,172-4-236-180.lightspeed.rcsntx.sbcglobal.net
172.7.227.9,kvm.tsa-inc.com;172-7-227-9.lightspeed.hstntx.sbcglobal.net;upload.tsa-inc.com
172.82.8.214,N/A
172.93.220.4,N/A
173.231.206.16,vps83724.inmotionhosting.com
173.48.23.240,pool-173-48-23-240.bstnma.fios.verizon.net
173.49.229.129,pool-173-49-229-129.phlapa.fios.verizon.net;screen.bencutilli.com
173.67.23.7,pool-173-67-23-7.bltmmd.fios.verizon.net
173.70.14.77,pool-173-70-14-77.nwrknj.fios.verizon.net
173.76.171.139,pool-173-76-171-139.bstnma.fios.verizon.net
174.102.16.48,syn-174-102-016-048.res.spectrum.com
174.141.203.179,174-141-203-179.fttp.usinternet.com
174.89.179.98,bras-base-ssvlon3970w-grc-02-174-89-179-98.dsl.bell.ca;bestcrib.ddns.net
174.94.45.196,bras-base-toroon6142w-grc-45-174-94-45-196.dsl.bell.ca
174.94.64.178,bras-base-clbaon0207w-grc-14-174-94-64-178.dsl.bell.ca
174.94.64.4,bras-base-clbaon0207w-grc-14-174-94-64-4.dsl.bell.ca
174.95.188.13,bras-base-sarnon3206w-grc-12-174-95-188-13.dsl.bell.ca
174.99.121.130,syn-174-099-121-130.res.spectrum.com
175.115.64.71,N/A
175.116.200.30,N/A
175.120.190.43,N/A
175.192.53.248,N/A
175.195.241.206,N/A
175.197.168.69,i2010.net
175.207.168.93,N/A
175.207.224.54,N/A
175.209.221.23,showcase.disaiot.com;gateway.disaiot.com;pikvm.disaiot.com;disaiot.com;dashboard.disaiot.com;recsnu.disaiot.com;www.disaiot.com;api.disaiot.com
175.31.168.197,gl.91557.cn
175.44.42.232,N/A
175.44.42.37,N/A
176.124.110.245,hostedby.pidginhost.net
176.136.252.152,176-136-252-152.abo.bbox.fr
176.138.187.163,176-138-187-163.abo.bbox.fr
176.146.145.180,bmi37-h01-176-146-145-180.dsl.sta.abo.bbox.fr
176.149.234.91,N/A
176.151.19.205,176-151-19-205.abo.bbox.fr;blr03-h01-176-151-19-205.dsl.sta.abo.bbox.fr
176.229.152.123,176-229-152-123.orange.net.il
176.61.12.84,N/A
176.84.243.41,41.red-176-84-243.dynamicip.rima-tde.net
177.127.14.76,b17f0e4c.virtua.com.br
1.77.179.211,mo1-77-179-211.air.mopera.net
178.113.10.201,178.113.10.201.wireless.dyn.drei.com
178.124.154.112,mm-112-154-124-178.static.mgts.by
178.144.34.223,223-34-144-178.mobileinternet.proximus.be
178.151.171.93,93.171.151.178.triolan.net
178.170.50.122,ik050122.ikoula.com
178.170.50.25,KVM-NOC-PIKVM-07.ikexpress.com
178.17.160.22,as43289.net
178.17.160.24,kv24.as43289.net;as43289.net
178.17.160.34,as43289.net
178.17.160.39,as43289.net
178.17.160.40,as43289.net
178.19.111.252,kvm3.sldc.eu;hosted-by.slaskdatacenter.pl
178.219.86.226,vadima.net;ip-86-226.dnepro.net;itsupport.dp.ua
178.25.127.179,ipb2197fb3.dynamic.kabel-deutschland.de
179.211.248.23,b3d3f817.virtua.com.br
180.111.223.171,N/A
180.150.55.13,N/A
180.196.151.110,180-196-151-110.area57d.commufa.jp
180.196.217.84,180-196-217-84.area57d.commufa.jp
180.66.71.116,N/A
181.57.229.78,static-ip-1815722978.cable.net.co
181.57.34.24,static-ip-181573424.cable.net.co
183.105.163.38,N/A
183.108.10.3,N/A
183.162.104.244,N/A
183.179.232.112,183179232112.ctinets.com
183.56.252.237,N/A
184.162.114.111,modemcable111.114-162-184.mc.videotron.ca
184.167.249.58,syn-184-167-249-058.res.spectrum.com
184.169.123.15,184-169-123-15-dynamic.midco.net
184.171.217.59,lns5-pool10-059.adsl.user.start.ca
184.179.194.212,ip184-179-194-212.ph.ph.cox.net
185.126.159.198,N/A
185.193.136.3,N/A
185.210.68.87,N/A
185.253.243.192,ip-185-253-243-192.fidro.net
185.26.144.246,246144.rdns.hemenhosting.org
185.45.104.242,liberec.artemis-net.cz
185.53.45.7,kvmip-1.cslw.coreservers.uk
185.82.142.243,N/A
185.83.172.74,host-185-83-172-74.ip.spadhausen.com
185.83.172.76,host-185-83-172-76.ip.spadhausen.com
187.138.74.173,dsl-187-138-74-173-dyn.prod-infinitum.com.mx
187.138.81.210,dsl-187-138-81-210-dyn.prod-infinitum.com.mx
187.250.231.57,187.250.231.57.dsl.dyn.telnor.net
188.154.202.9,xdsl-188-154-202-9.adslplus.ch
188.166.202.251,pikvm.cloud
188.174.184.50,ppp-188-174-184-50.dynamic.mnet-online.de
188.240.63.61,61.63.240.188.baremetal.zare.com
188.246.4.169,pikvm.lost-city.de;turtle.lost-city.de
188.6.204.129,BC06CC81.dsl.pool.telekom.hu
188.62.207.25,25.207.62.188.dynamic.cust.swisscom.net
188.62.89.130,130.89.62.188.dynamic.cust.swisscom.net
188.63.198.221,221.198.63.188.dynamic.cust.swisscom.net
189.162.38.30,dsl-30-38-162-189-dynamic.prod-infinitum.com.mx
189.162.59.201,dsl-201-59-162-189-dynamic.prod-infinitum.com.mx
189.162.81.1,dsl-1-81-162-189-dynamic.prod-infinitum.com.mx
189.175.126.67,dsl-67-126-175-189-dynamic.prod-infinitum.com.mx
189.222.43.193,189.222.43.193.dsl.dyn.telnor.net
190.115.197.21,N/A
190.115.197.22,N/A
190.146.88.31,static-ip-1901468831.cable.net.co
192.162.245.146,ipkvm13.datacheap.ru
192.162.245.149,ipkvm11.datacheap.ru
192.184.219.238,192-184-219-238.fiber.dynamic.sonic.net
192.199.240.146,N/A
192.228.152.83,broadband.time.net.my
192.249.126.104,vps85183.inmotionhosting.com
192.249.126.6,vps80499.inmotionhosting.com
192.63.73.140,syn-192-063-073-140.res.spectrum.com
192.96.24.47,msk01.vweb.co.za
192.96.24.48,msk02.vweb.co.za
192.96.24.49,msk03.vweb.co.za
193.108.119.147,147-119-108-193.clients.gthost.com
193.183.80.134,wizard.recompile.se;kvm.tower.recompile.se
193.242.148.251,251-148-static.b2b-telecom.ru
193.81.25.204,193-81-25-204.adsl.highway.telekom.at
193.84.181.36,N/A
194.183.28.174,N/A
194.28.86.117,jetkvm1.hostsila.org
194.44.16.250,N/A
194.55.188.80,N/A
194.63.140.239,N/A
194.96.236.166,194-96-236-166.adsl.highway.telekom.at
195.137.223.194,sitefabrikasi.net
195.168.31.36,lenovolab.eu
195.211.102.195,ipkvm19.datacheap.ru
195.211.102.199,ipkvm17.datacheap.ru
195.211.102.51,ipkvm15.datacheap.ru
195.224.68.49,N/A
195.231.30.72,host72-30-231-195.serverdedicati.aruba.it
195.251.111.118,psycho-107.ionio.gr;pikvm.literate-performance.org
198.23.211.169,198-23-211-169-host.colocrossing.com
198.254.94.160,grantblikvm.duckdns.org;host-198-254-94-160.VALOLT4.epbfi.com
198.53.74.168,d198-53-74-168.abhsia.telus.net
198.8.86.2,N/A
199.168.76.37,2013294-static.fklninaa.metronetinc.net
199.247.252.13,13.252.247.199.dhcp.cmts3.prrt.citywest.ca
199.247.7.53,199.247.7.53.vultrusercontent.com
199.47.145.37,clanxie.life;37.145.47.199.ip.soraxus.com
200.74.92.40,pc-40-92-74-200.cm.vtr.net
201.33.20.253,N/A
202.172.99.34,kvm3.atu.net.au;202-172-99-34-cpe.spintel.net.au
202.189.23.190,N/A
202.62.147.244,N/A
203.132.69.116,203-132-69-116.ip4.superloop.au
203.170.129.110,N/A
203.2.119.124,N/A
203.25.119.10,N/A
204.111.254.250,N/A
204.93.152.137,unknown.scnet.net
204.93.152.138,unknown.scnet.net
204.93.212.234,spider1.ord6.servercentral.net
204.93.215.57,unknown.scnet.net
204.93.215.58,unknown.scnet.net
204.93.222.67,unknown.scnet.net
205.251.100.201,aeromana.dmarc.lax3.amcbb.net;pikvm.lodginglab.org
206.128.66.245,206-128-66-245.vtc.net
207.170.160.9,sp2.Logan.com
207.171.55.194,207-171-55-194.race.com
207.54.5.22,pikvm.mylanguage.me
208.59.114.93,208-59-114-93.ny.subnet.cable.rcncustomer.com
208.73.49.159,clanxie.life;208-73-49-159.triple8.net
208.81.23.5,dev5.bellerive.emanon.com
208.81.23.6,dev6.bellerive.emanon.com
208.97.58.237,N/A
208.98.231.52,a208-98-231-52.sb.shawcable.net
209.121.7.215,N/A
209.182.192.120,vps91586.inmotionhosting.com
209.182.192.122,kvmpilot2.inmotionhosting.com
209.182.203.204,N/A
209.216.83.230,mail230.mail.protection.outlook.ecxmail.com
209.216.83.34,sender29117.picsrv.net
209.216.83.35,sender29110.picsrv.net
209.216.83.36,sender32239.picsrv.net
209.236.46.223,N/A
209.6.194.163,N/A
210.165.244.249,pl55545.ag2525.nttpc.ne.jp
210.204.42.176,N/A
210.218.165.124,N/A
210.223.2.224,N/A
210.240.85.22,N/A
210.3.78.2,static-bbs-2-78-3-210-on-nets.com
210.90.254.252,N/A
210.91.103.103,N/A
210.95.220.230,N/A
211.107.6.139,N/A
211.202.114.251,N/A
211.211.124.203,N/A
211.216.235.195,N/A
211.253.2.8,N/A
211.253.7.252,N/A
212.114.31.56,235128847.box.freepro.com
212.115.127.101,stratos-4.xtcwireless.net
212.132.100.246,kbmf.ch
212.180.189.27,N/A
212.42.115.20,kvm.itv.kg;212-42-115-20.elcat.kg
212.50.244.59,clanxie.life;212.50.244.59.16clouds.com
212.88.45.17,N/A
212.92.86.67,host-94j.mdb1-a.v4.dfn.nl
213.111.98.115,unused-213.111.98.115.bilink.ua
213.136.57.5,h-213-136-57-5.A193.corp.bahnhof.se
213.168.181.195,fw.urbansw.cz
213.169.83.238,street3.lanet.online;lanet-pikvm.cl.lanet.online
213.179.158.33,host-213-179-158-33.customer.m-online.net
213.190.104.39,dsl-ls-104-39.du.vortex.is
213.217.239.227,c239-227.i03-12.onvol.net
213.229.126.23,as29550.net;213-229-126-23.static.as29550.net
213.229.126.25,as29550.net;213-229-126-25.static.as29550.net
213.32.16.64,vps-65546e70.vps.ovh.net;clanxie.life
213.37.47.80,213.37.47.80.dyn.user.ono.com
213.74.216.170,host-213-74-216-170.superonline.net
2.138.230.224,224.red-2-138-230.dynamicip.rima-tde.net
216.170.72.251,N/A
216.208.74.250,N/A
216.212.3.235,216.212.3.235.mnchnh.ccidns.net
216.219.95.236,bmg-kvm.ducdac.tech;ducdac.tech
216.230.225.34,N/A
216.60.202.110,N/A
216.82.192.4,N/A
217.10.116.211,sigma.nmugroup.se
217.162.42.119,217-162-42-119.dynamic.hispeed.ch
217.31.190.115,h-217-31-190-115.A465.priv.bahnhof.se
217.95.22.97,pd95f1661.dip0.t-ipconnect.de;fbgklt0gds133p7d.myfritz.net
218.103.160.218,n218103160218.netvigator.com
218.1.137.44,N/A
218.1.219.82,N/A
218.144.45.15,N/A
218.146.138.215,N/A
218.155.234.93,N/A
218.236.188.156,N/A
218.250.127.253,n218250127253.netvigator.com
218.252.181.74,cm218-252-181-74.hkcable.com.hk
218.34.107.215,N/A
218.49.65.190,ddkk1.kro.kr
218.51.211.158,N/A
219.138.138.240,N/A
219.79.135.200,n219079135200.netvigator.com
219.92.127.163,snw-127-163.tm.net.my
220.134.240.121,220-134-240-121.hinet-ip.hinet.net
220.165.160.79,N/A
220.76.147.103,N/A
220.92.101.189,N/A
220.94.137.72,N/A
220.94.35.97,N/A
221.142.233.223,N/A
221.147.8.116,N/A
221.150.133.36,N/A
221.154.199.48,N/A
221.160.135.226,kvm.rhkr8521.com
221.163.140.58,N/A
221.166.218.160,N/A
221.212.246.28,N/A
222.118.56.79,N/A
222.140.195.116,jzu.hikaricraft.cn;hn.kd.ny.adsl
222.140.195.137,jzu.hikaricraft.cn;hn.kd.ny.adsl
222.141.135.171,hn.kd.ny.adsl
222.141.135.213,hn.kd.ny.adsl
222.191.236.210,N/A
222.212.220.255,255.220.212.222.broad.cd.sc.dynamic.163data.com.cn
222.234.100.102,N/A
222.234.100.103,N/A
223.166.218.154,N/A
223.72.27.200,N/A
223.72.27.214,N/A
23.235.202.248,N/A
23.239.15.202,unifi.techiem2.net;techiem2.us
2.39.203.123,server001.dotting.cloud;net-2-39-203-123.cust.vodafonedsl.it
24.111.71.14,24-111-71-14-dynamic.midco.net
24.13.202.36,pikvm.fals3illusion.com;c-24-13-202-36.hsd1.il.comcast.net
24.136.13.91,24-136-13-91.s345.c3-0.prk-ubr1.chi-prk.il.cable.rcncustomer.com
24.142.68.163,24-142-68-24-142-68-163.cpe.sparklight.net
24.150.26.68,d24-150-26-68.home.cgocable.net
24.150.75.91,d24-150-75-91.home.cgocable.net
24.152.148.30,ogiz.org;24-152-148-30.fttp.usinternet.com
24.187.100.240,ool-18bb64f0.dyn.optonline.net
24.187.97.226,ool-18bb61e2.dyn.optonline.net
24.229.127.67,www.icpsco.net
24.229.127.68,mail.icpsco.net
24.229.127.69,tcamaster.icpsco.net
24.29.200.75,syn-024-029-200-075.res.spectrum.com
24.34.216.187,c-24-34-216-187.hsd1.ma.comcast.net
24.40.239.169,24-40-239-169.fidnet.com
24.4.246.5,c-24-4-246-5.hsd1.ca.comcast.net
24.56.69.246,7140.io;syn-024-056-069-246.biz.spectrum.com
24.57.170.74,d24-57-170-74.home.cgocable.net
24.57.174.149,d24-57-174-149.home.cgocable.net
27.254.144.10,N/A
27.95.108.46,KD027095108046.ppp-bb.dion.ne.jp
2.87.51.171,ppp-2-87-51-171.home.otenet.gr
31.127.245.112,host31-127-245-112.range31-127.btcentralplus.com;instantcon.sytes.net
31.15.238.252,31-15-238-252.dynamic.telemach.net
31.153.24.101,31-24-101.netrun.cytanet.com.cy
31.16.114.99,ip1f107263.dynamic.kabel-deutschland.de
31.184.216.232,N/A
31.184.216.87,N/A
31.184.216.91,N/A
31.19.255.88,gweilo.xyz;ip1f13ff58.dynamic.kabel-deutschland.de
31.34.66.91,31-34-66-91.abo.bbox.fr
31.37.6.221,N/A
31.57.48.9,gl-cloud.kvm.as214347.net
32.223.228.101,32-223-228-101.bng01.trtn.ct.ip.frontiernet.net
34.149.123.71,phylinq.phyos.net;71.123.149.34.bc.googleusercontent.com
34.172.237.199,199.237.172.34.bc.googleusercontent.com
34.194.92.217,glkvm.com;ec2-34-194-92-217.compute-1.amazonaws.com
34.206.17.242,ec2-34-206-17-242.compute-1.amazonaws.com;glkvm.com
37.35.104.220,alpinedc.ch
37.81.77.44,N/A
38.100.104.100,N/A
38.100.104.101,N/A
38.114.120.171,171-120-114-38.clients.gthost.com
38.147.229.38,N/A
38.242.24.34,coxnyc.com
38.45.88.3,N/A
38.57.2.134,N/A
38.91.101.210,210-101-91-38.clients.gthost.com
39.101.180.111,N/A
39.116.224.84,N/A
39.164.37.186,N/A
41.128.181.139,N/A
41.142.5.89,N/A
42.114.179.251,N/A
42.192.68.187,sipeed.com;www.sipeed.com
42.194.130.25,N/A
43.139.150.28,clanxie.life
43.248.139.251,N/A
45.10.174.74,glkvm.local
45.133.117.148,dynamic.45-133-117-148.ams1.qde.com;nanokvm.net
45.133.118.27,nanokvm.net;dynamic.45-133-118-27.ams1.qde.com
45.23.230.114,N/A
45.26.197.175,abiolafalana.com
45.4.241.128,N/A
45.45.224.211,pikvm.sjc1.kasuminetworks.com
45.50.84.135,syn-045-050-084-135.res.spectrum.com
46.110.17.233,unnamed-static.grtwmiaa.metronetinc.net
46.124.97.146,046124097146.public.t-mobile.at
46.140.190.36,46-140-190-36.static.cablecom.ch
46.142.161.164,164-161-142-46.pool.kielnet.net
46.142.161.72,72-161-142-46.pool.kielnet.net
46.142.162.215,215-162-142-46.pool.kielnet.net
46.142.224.45,pikvm-flodata.ddns.net;45-224-142-46.pool.kielnet.net
46.142.225.33,33-225-142-46.pool.kielnet.net;pikvm-flodata.ddns.net
46.142.83.113,113-83-142-46.pool.kielnet.net
46.142.83.236,236-83-142-46.pool.kielnet.net
46.224.108.69,static.69.108.224.46.clients.your-server.de
46.227.59.103,N/A
46.227.59.108,N/A
46.6.0.131,N/A
46.6.1.149,N/A
46.8.18.167,contell.ru;ipkvm-3.contell.ru
46.8.18.168,ipkvm-1.contell.ru;contell.ru
46.8.18.82,ipkvm-2.contell.ru;contell.ru
47.101.223.187,N/A
47.107.250.217,glkvm.cn
47.107.38.56,glkvm.cn
47.122.50.187,N/A
47.146.178.228,47-146-178-228.fdr01.hnbh.ca.ip.frontiernet.net
47.146.217.71,47-146-217-71.fdr01.lapn.ca.frontiernet.net
47.155.5.81,47-155-5-81.fdr01.rdbh.ca.ip.frontiernet.net
47.184.104.65,47-184-104-65.dlls.tx.frontiernet.net
47.184.19.94,47-184-19-94.fdr02.crtn.tx.ip.frontiernet.net
47.184.50.219,47-184-50-219.fdr02.crtn.tx.ip.frontiernet.net
47.204.250.10,47-204-250-10.fdr01.lutz.fl.ip.frontiernet.net
47.216.92.130,N/A
47.37.16.62,syn-047-037-016-062.res.spectrum.com
47.42.88.111,syn-047-042-088-111.res.spectrum.com
47.7.108.94,syn-047-007-108-094.res.spectrum.com
47.97.165.76,N/A
49.103.31.173,mo49-103-31-173.air.mopera.net
49.65.188.195,N/A
49.65.188.203,N/A
49.65.202.191,N/A
50.171.208.117,c-50-171-208-117.unallocated.comcastbusiness.net
50.187.241.18,c-50-187-241-18.unallocated.comcastbusiness.net
50.188.111.46,c-50-188-111-46.unallocated.comcastbusiness.net;chatdip.com
50.193.157.29,N/A
50.20.124.126,N/A
50.31.129.249,unknown.servercentral.net
50.31.129.250,unknown.servercentral.net
50.31.154.105,unknown.servercentral.net
50.31.154.106,spider10.servercentral.net
50.31.154.97,unknown.servercentral.net
50.31.154.98,unknown.servercentral.net
50.35.61.121,N/A
50.84.166.37,syn-050-084-166-037.biz.spectrum.com
50.99.109.135,d50-99-109-135.abhsia.telus.net
5.10.223.130,N/A
51.171.78.103,51-171-78-103-dynamic.agg2.san.blp-srl.eircom.net
51.175.234.24,24.51-175-234.customer.lyse.net
5.161.235.122,clanxie.life;static.122.235.161.5.clients.your-server.de
5.187.155.87,05BB9B57.catv.pool.telekom.hu
5.187.195.45,05BBC32D.dsl.pool.telekom.hu
5.187.209.69,05BBD145.dsl.pool.telekom.hu
52.203.137.160,glkvm.com;ec2-52-203-137-160.compute-1.amazonaws.com
5.255.81.218,N/A
5.39.190.117,5-39-190-117.colocenter.nl
5.39.251.10,N/A
54.165.89.19,ec2-54-165-89-19.compute-1.amazonaws.com;glkvm.com
5.63.21.251,sunucum.net.tr
57.138.154.86,N/A
58.122.244.243,N/A
58.122.244.245,N/A
58.124.115.239,N/A
58.152.22.16,n058152022016.netvigator.com
58.152.22.27,n058152022027.netvigator.com
58.182.234.98,98.234.182.58.starhub.net.sg
58.190.18.250,58-190-18-250f1.kyt1.eonet.ne.jp
58.232.250.101,N/A
58.37.224.12,N/A
58.6.243.141,58-6-243-141.tpgi.com.au
59.126.34.205,59-126-34-205.hinet-ip.hinet.net
59.127.219.172,59-127-219-172.hinet-ip.hinet.net
59.26.190.20,N/A
59.28.212.124,N/A
60.119.217.8,softbank060119217008.bbtec.net
60.168.244.25,N/A
60.248.95.143,60-248-95-143.hinet-ip.hinet.net
60.251.60.197,60-251-60-197.hinet-ip.hinet.net
61.218.250.142,61-218-250-142.hinet-ip.hinet.net
61.81.132.76,N/A
61.84.73.111,N/A
62.178.168.147,62-178-168-147.cable.dynamic.surfer.at
62.178.171.147,62-178-171-147.cable.dynamic.surfer.at
62.192.240.24,N/A
62.211.109.26,host-62-211-109-26.retail.telecomitalia.it;host-62-211-109-26.pool62211.interbusiness.it
62.212.180.70,SLAVE.glafo.at
62.245.225.229,N/A
62.245.225.230,N/A
62.245.225.231,N/A
62.245.225.234,N/A
62.245.225.239,N/A
62.245.225.244,N/A
62.31.172.25,clanxie.life;25.172-31-62.static.virginmediabusiness.co.uk
62.64.160.85,62.64.160-85.virtual1.co.uk
62.97.126.244,N/A
63.131.236.7,63.131.236-7.ptr.tierpoint.com
64.186.230.106,Host-By.DMIT.com
64.188.90.7,N/A
64.233.218.179,static50.mortonsuggestionco.nap.wideopenwest.com
64.46.30.23,sabnzbd.brandontalbot.com;sonarr.brandontalbot.com;overseerr.brandontalbot.com;64-46-30-23.dyn.novuscom.net;pikvm.brandontalbot.com;radarr.brandontalbot.com;voron.brandontalbot.com;brandontalbot.com;prowlarr.brandontalbot.com;home.brandontalbot.com
65.48.141.57,securemustique.com
65.95.192.13,bras-base-mrhmon2409w-grc-71-65-95-192-13.dsl.bell.ca
65.95.192.213,bras-base-mrhmon2409w-grc-71-65-95-192-213.dsl.bell.ca
66.188.234.250,syn-066-188-234-250.res.spectrum.com
66.31.252.84,c-66-31-252-84.hsd1.ma.comcast.net
66.60.251.157,N/A
67.168.23.22,c-67-168-23-22.hsd1.wa.comcast.net
67.173.94.211,N/A
67.175.154.182,c-67-175-154-182.hsd1.il.comcast.net
67.177.51.56,c-67-177-51-56.hsd1.ut.comcast.net;pidmac.paracite.org
67.186.146.91,N/A
67.193.45.162,d67-193-45-162.home3.cgocable.net
67.211.134.213,67-211-134-213.chinquapin.dmt.ntelos.net
67.217.207.160,invalid.mannford.ok.mbo.net
67.217.207.162,invalid.mannford.ok.mbo.net
67.220.73.86,86-73-220-67.clients.gthost.com
67.220.94.113,113-94-220-67.clients.gthost.com
67.221.50.178,67-221-50-178.on.ftth.ebox.net
67.227.64.222,67.227.64.222.rdns.ColocationAmerica.com
67.242.3.21,syn-067-242-003-021.res.spectrum.com
67.248.13.154,syn-067-248-013-154.res.spectrum.com
67.253.61.222,syn-067-253-061-222.res.spectrum.com
67.80.253.156,ool-4350fd9c.dyn.optonline.net
67.82.194.186,ool-4352c2ba.dyn.optonline.net
68.127.187.32,N/A
68.144.87.88,S0106c4509cd1e6fe.cg.shawcable.net
68.168.144.181,N/A
68.235.150.162,68-235-150-162.dynsouth.hsi.pldi.net
68.3.220.225,ip68-3-220-225.ph.ph.cox.net
68.52.49.159,N/A
68.59.28.220,c-68-59-28-220.hsd1.mi.comcast.net
69.109.185.92,N/A
69.140.105.7,c-69-140-105-7.hsd1.md.comcast.net
69.153.234.134,N/A
69.159.58.199,bras-base-bmtnon1328w-grc-32-69-159-58-199.dsl.bell.ca
69.163.41.94,N/A
69.165.213.154,69-165-213-154.cable.teksavvy.com
69.174.174.72,N/A
69.195.145.22,N/A
69.251.0.27,N/A
69.62.165.166,166.165-62-69.ftth.swbr.surewest.net
70.111.119.96,pool-70-111-119-96.nwrk.east.verizon.net
70.111.76.80,pool-70-111-76-80.nwrk.east.verizon.net
70.116.224.170,srvchost.ddns.net;syn-070-116-224-170.biz.spectrum.com
70.119.77.19,syn-070-119-077-019.res.spectrum.com
70.173.19.46,ip70-173-19-46.lv.lv.cox.net
70.187.239.24,ip70-187-239-24.oc.oc.cox.net
70.190.13.122,ip70-190-13-122.ph.ph.cox.net
70.27.77.77,bras-base-kgtnon080bw-grc-09-70-27-77-77.dsl.bell.ca
70.39.123.228,customer.sharktech.net
70.51.211.229,bras-base-ogvlon2308w-grc-42-70-51-211-229.dsl.bell.ca
70.53.104.150,bras-base-kgtnon080bw-grc-36-70-53-104-150.dsl.bell.ca
70.53.104.70,bras-base-kgtnon080bw-grc-36-70-53-104-70.dsl.bell.ca
70.54.54.151,bras-base-nwmkon8545w-grc-11-70-54-54-151.dsl.bell.ca
70.60.57.114,mail.cohencpa.com
70.61.123.210,syn-070-061-123-210.biz.spectrum.com
71.112.153.129,pool-71-112-153-129.pitbpa.fios.verizon.net
71.121.183.19,pool-71-121-183-19.bltmmd.fios.verizon.net
71.126.144.168,static-71-126-144-168.washdc.fios.verizon.net
71.178.34.118,mh5.oort.net
71.199.124.189,c-71-199-124-189.hsd1.pa.comcast.net
71.205.146.9,c-71-205-146-9.hsd1.co.comcast.net
71.228.107.73,c-71-228-107-73.hsd1.nm.comcast.net
71.250.63.83,pool-71-250-63-83.nwrknj.fios.verizon.net
71.40.108.252,gvo108252.gvodatacenter.com
71.76.145.10,syn-071-076-145-010.res.spectrum.com
71.87.82.91,syn-071-087-082-091.res.spectrum.com
72.10.206.110,cust-72-10-206.static.ny.us.midtel.net
72.1.59.219,N/A
72.191.192.144,syn-072-191-192-144.res.spectrum.com
72.223.127.181,ip72-223-127-181.ph.ph.cox.net
72.253.204.204,dhcp-72-253-204-204.hawaiiantel.net
72.39.45.68,d72-39-45-68.home1.cgocable.net
72.39.88.134,d72-39-88-134.home1.cgocable.net
72.68.112.54,pool-72-68-112-54.nwrknj.east.verizon.net
72.76.201.213,static-72-76-201-213.nwrknj.fios.verizon.net
72.85.58.150,pool-72-85-58-150.bltmmd.fios.verizon.net
72.93.242.102,pool-72-93-242-102.bstnma.fios.verizon.net
73.153.214.87,N/A
73.165.252.27,c-73-165-252-27.hsd1.pa.comcast.net
73.200.223.246,c-73-200-223-246.hsd1.md.comcast.net
73.207.108.187,kvm.02102005.xyz;c-73-207-108-187.hsd1.ga.comcast.net
73.212.167.62,c-73-212-167-62.hsd1.md.comcast.net
73.219.223.241,c-73-219-223-241.hsd1.vt.comcast.net
73.227.15.21,c-73-227-15-21.hsd1.nh.comcast.net
73.227.162.137,c-73-227-162-137.hsd1.ma.comcast.net;gusilu.diskstation.me
73.228.124.92,c-73-228-124-92.hsd1.ut.comcast.net
73.230.216.21,c-73-230-216-21.hsd1.pa.comcast.net
73.232.224.202,c-73-232-224-202.hsd1.tx.comcast.net
73.242.205.131,c-73-242-205-131.hsd1.nm.comcast.net
73.32.66.124,c-73-32-66-124.hsd1.tx.comcast.net
73.36.136.93,c-73-36-136-93.hsd1.il.comcast.net
73.60.120.90,c-73-60-120-90.hsd1.nh.comcast.net
73.60.66.144,c-73-60-66-144.hsd1.nh.comcast.net
73.68.116.115,c-73-68-116-115.hsd1.ma.comcast.net
73.73.21.105,c-73-73-21-105.hsd1.il.comcast.net
73.79.80.17,c-73-79-80-17.hsd1.pa.comcast.net
73.92.181.165,c-73-92-181-165.hsd1.ca.comcast.net
74.105.75.156,pool-74-105-75-156.nwrknj.fios.verizon.net
74.112.37.166,N/A
74.120.220.20,N/A
74.129.208.88,syn-074-129-208-088.res.spectrum.com
74.83.1.12,ip-74-83-1-12.dynamic.fuse.net
75.103.139.226,75-103-139-226.ccrtc.com
75.118.34.175,d-75-118-34-175.oh.cpe.breezeline.net
75.129.73.228,syn-075-129-073-228.res.spectrum.com
75.146.234.17,75-146-234-17-Philadelphia.hfc.comcastbusiness.net
75.149.187.108,75-149-187-108-Miami.hfc.comcastbusiness.net
75.157.96.161,d75-157-96-161.bchsia.telus.net
75.172.99.154,75-172-99-154.tukw.qwest.net
75.208.146.238,238.sub-75-208-146.myvzw.com
75.208.209.114,114.sub-75-208-209.myvzw.com
75.232.63.138,138.sub-75-232-63.myvzw.com
75.26.200.235,pikvm.slicksparks.ky;75-26-200-235.lightspeed.hstntx.sbcglobal.net
75.36.206.52,75-36-206-52.lightspeed.knvltn.sbcglobal.net
75.42.36.223,75-42-36-223.lightspeed.rcsntx.sbcglobal.net
75.60.105.145,N/A
75.73.217.8,c-75-73-217-8.hsd1.mn.comcast.net
75.81.70.131,syn-075-081-070-131.res.spectrum.com
76.135.48.232,c-76-135-48-232.hsd1.wa.comcast.net
76.158.244.234,c-76-158-244-234.hsd1.ca.comcast.net
76.169.175.143,syn-076-169-175-143.res.spectrum.com
76.169.6.88,syn-076-169-006-088.res.spectrum.com
76.169.79.194,syn-076-169-079-194.res.spectrum.com
76.181.112.74,syn-076-181-112-074.res.spectrum.com
76.186.135.65,syn-076-186-135-065.res.spectrum.com
76.187.115.115,syn-076-187-115-115.res.spectrum.com
76.64.68.22,bras-base-kgtnon0881w-grc-114-76-64-68-22.dsl.bell.ca
76.66.127.205,bras-base-kgtnon080bw-grc-37-76-66-127-205.dsl.bell.ca
76.68.109.100,bras-base-toroon01zb3-grc-89-76-68-109-100.dsl.bell.ca
76.69.121.75,bras-base-kgtnon0881w-grc-118-76-69-121-75.dsl.bell.ca
76.70.96.13,bras-base-clbaon0201w-grc-91-76-70-96-13.dsl.bell.ca
76.88.122.166,syn-076-088-122-166.res.spectrum.com
77.117.220.26,77.117.220.26.wireless.dyn.drei.com
77.215.171.7,077215171007.static.telenor.dk
77.230.18.9,static-9-18-230-77.ipcom.comunitel.net
77.24.123.149,ip4d187b95.fixed.kabel-deutschland.de
77.45.103.59,77-45-103-59.sta.asta-net.com.pl
77.52.144.254,77-52-144-254.staticip.vf-ua.net
77.53.155.49,h77-53-155-49.cust.bredband2.com
77.64.231.81,77.64.231.81.dyn.pyur.net
77.93.199.99,77-93-199-99.static.masterinter.net
78.132.60.8,078132060008.public.t-mobile.at
78.141.213.187,78.141.213.187.vultrusercontent.com;clanxie.life
78.24.205.34,kvm1.dedi.systems
78.92.34.46,4E5C222E.dsl.pool.telekom.hu
79.100.83.166,79-100-83-166.ip.btc-net.bg
79.112.40.43,79-112-40-43.digimobil.es
79.112.46.45,79-112-46-45.digimobil.es
79.112.7.16,79-112-7-16.digimobil.es
79.116.47.120,79-116-47-120.digimobil.es
79.116.56.76,79-116-56-76.digimobil.es
79.116.77.203,79-116-77-203.digimobil.es
79.124.96.121,79.124.96.121.rybnet.pl
79.129.8.103,okf3ry.static.otenet.gr;adapt.gr
79.191.67.112,79.191.67.112.ipv4.supernova.orange.pl
79.225.127.53,p4fe17f35.dip0.t-ipconnect.de
79.23.97.245,host-79-23-97-245.retail.telecomitalia.it
79.51.170.108,host-79-51-170-108.retail.telecomitalia.it
79.52.94.125,host-79-52-94-125.retail.telecomitalia.it
79.54.16.59,host-79-54-16-59.retail.telecomitalia.it
79.6.215.199,host-79-6-215-199.business.telecomitalia.it
79.8.228.193,host-79-8-228-193.business.telecomitalia.it
79.90.159.211,211.159.90.79.rev.sfr.net
79.98.186.233,glkvm.mtu90.com
80.122.103.30,gateway.prplus.at
80.13.141.89,lneuilly-657-1-88-89.w80-13.abo.wanadoo.fr
80.139.96.203,fbgklt0gds133p7d.myfritz.net;p508b60cb.dip0.t-ipconnect.de
80.162.254.227,pikvm.waagensen.dk;80-162-254-227-dynamic.dk.customer.tdc.net
80.203.84.120,120.80-203-84.customer.lyse.net
80.235.93.171,171-93-235-80.dyn.estpak.ee
80.241.251.230,bura2.lider-bet.com
80.81.242.62,N/A
80.92.211.234,pppoe-saratov01-80.92.211.234.overta.ru
81.109.136.84,heme-13-b2-v4wan-167799-cust83.vm32.cable.virginm.net
81.129.33.70,host81-129-33-70.range81-129.btcentralplus.com
81.143.213.123,host81-143-213-123.in-addr.btopenworld.com
81.147.67.235,instantcon.sytes.net;host81-147-67-235.range81-147.btcentralplus.com
81.150.64.7,host81-150-64-7.in-addr.btopenworld.com
81.153.22.111,pc.stan.day;host81-153-22-111.range81-153.btcentralplus.com
81.169.110.165,165-110-169-81.mobileinternet.proximus.be
81.170.148.177,h-81-170-148-177.A465.priv.bahnhof.se
81.93.193.68,kvm.malcolm.ecentrum.hu;malcolm.ecentrum.hu
81.94.171.60,81-94-171-60.customer.itmastaren.net
81.97.0.9,walt-28-b2-v4wan-169409-cust8.vm13.cable.virginm.net
82.149.16.226,82-149-16-226.dynamic.telemach.net
82.16.246.25,flashto.zapto.org;cpc119536-heme14-2-0-cust24.9-1.cable.virginm.net
82.170.243.66,82-170-243-66.fixed.kpn.net
82.209.131.25,82-209-131-25.cust.bredband2.com
82.64.63.114,82-64-63-114.subs.proxad.net
82.65.136.127,82-65-136-127.subs.proxad.net
82.65.3.131,82-65-3-131.subs.proxad.net
82.66.196.244,ofthewood.fr
82.66.23.45,eys33-1_migr-82-66-23-45.fbx.proxad.net
82.66.250.45,alf94-3_migr-82-66-250-45.fbx.proxad.net
82.66.36.3,fla93-1_migr-82-66-36-3.fbx.proxad.net
82.67.118.247,vil35-1_migr-82-67-118-247.fbx.proxad.net
82.67.39.102,tok69-2_migr-82-67-39-102.fbx.proxad.net
82.78.191.89,bluehost.blueangel.ro
83.135.85.224,i538755E0.versanet.de
83.135.86.145,i53875691.versanet.de
83.135.86.228,i538756E4.versanet.de
83.135.87.212,i538757D4.versanet.de
83.168.108.109,mail.saleit.com.ua
83.224.128.57,N/A
83.227.200.199,kvm.meliser.io;c-83-227-200-199.bbcust.telenor.se
83.5.51.62,83.5.51.62.ipv4.supernova.orange.pl
83.9.84.18,83.9.84.18.ipv4.supernova.orange.pl
84.1.163.37,5401A325.dsl.pool.telekom.hu
84.1.168.50,5401A832.dsl.pool.telekom.hu
84.139.153.11,p548b990b.dip0.t-ipconnect.de
84.167.138.147,p54a78a93.dip0.t-ipconnect.de
84.168.200.130,p54a8c882.dip0.t-ipconnect.de
84.179.170.241,p54b3aaf1.dip0.t-ipconnect.de
84.193.222.67,d54C1DE43.access.telenet.be
84.196.133.9,d54C48509.access.telenet.be
84.200.229.6,pikvm.ips-hosting.com
84.227.32.25,adsl-84-227-32-25.adslplus.ch
84.238.141.28,84-238-141-28.btc-net.bg
84.49.173.138,138.84-49-173.nextgentel.com
84.50.155.198,198-155-50-84.sta.estpak.ee
84.52.160.167,84-52-160-167.dynamic.telemach.net
84.58.188.93,stationathome.asuscomm.com;dslb-084-058-188-093.084.058.pools.vodafone-ip.de
85.10.223.46,static.85-10-223-46.clients.your-server.de
85.167.20.116,ti0020a400-0621.bb.online.no
85.184.133.98,85.184.133.98.dynamic.dhcp.aura-net.dk
85.191.37.69,85.191.37.69.dynamic.dhcp.aura-net.dk
85.243.210.89,bl10-210-89.dsl.telepac.pt
85.30.213.143,N/A
85.58.121.11,11.pool85-58-121.dynamic.orange.es;pikvm.vnk.com.ua
85.88.3.154,N/A
85.92.65.44,11.kvm.uknoc.co.uk
85.92.65.54,as29550.net
85.92.65.56,N/A
86.127.11.128,static-86-127-11-128.rdsnet.ro
86.166.238.52,host86-166-238-52.range86-166.btcentralplus.com
86.171.174.79,host86-171-174-79.range86-171.btcentralplus.com
86.183.133.131,host86-183-133-131.range86-183.btcentralplus.com
86.243.187.106,christrc.ddns.net;lfbn-str-1-227-106.w86-243.abo.wanadoo.fr
86.88.182.6,86-88-182-6.fixed.kpn.net
87.119.144.26,87-119-144-26.dynamic.telemach.net
87.152.204.234,heimdall.vulkanbox.dontexist.com;search.vulkanbox.dontexist.com;kuma.vulkanbox.dontexist.com;gotify.vulkanbox.dontexist.com;dsm.vulkanbox.dontexist.com;pulse.vulkanbox.dontexist.com;vulkanbox.dontexist.com;grafana.vulkanbox.dontexist.com;seafile.vulkanbox.dontexist.com;airsonic.vulkanbox.dontexist.com;blog.vulkanbox.dontexist.com;emby.vulkanbox.dontexist.com;p5798ccea.dip0.t-ipconnect.de;portainer.vulkanbox.dontexist.com;mail.vulkanbox.dontexist.com
87.170.209.108,p57aad16c.dip0.t-ipconnect.de
87.177.120.137,p57b17889.dip0.t-ipconnect.de
87.205.17.31,87-205-17-31.static.ip.netia.com.pl
87.228.143.117,87-143-117.netrun.cytanet.com.cy
87.56.59.225,87-56-59-225-static.dk.customer.tdc.net
87.79.76.246,xtrahome.de;williwerres.de;static-87-79-76-246.netcologne.de;derwerres.de;werresweber.de
87.8.168.233,host-87-8-168-233.retail.telecomitalia.it
88.127.117.207,pikvm.zack-adde.fr;88-127-117-207.subs.proxad.net
88.146.116.112,88.146.116.112.pe3ny.net
88.151.101.188,w21.wp-expert.hu;kvm2.vhs.dataland.hu
88.151.102.35,kvm3.vhs.dataland.hu;ryzen12.vps4you.hu
88.195.78.205,iptv-mlibng12-58c34e-205.dhcp.inet.fi
88.205.30.11,pikvm01.dus1.de.yco.de
88.218.94.52,vm2584.geo.hosting;clanxie.life
88.66.29.80,dslb-088-066-029-080.088.066.pools.vodafone-ip.de;stationathome.asuscomm.com
89.149.232.22,89.149.232.20
89.177.199.58,ip-89-177-199-58.bb.vodafone.cz
89.177.38.41,ip-89-177-38-41.bb.vodafone.cz
89.212.23.149,89-212-23-149.static.t-2.net
89.214.136.139,N/A
89.214.3.14,N/A
89.245.53.188,i59F535BC.versanet.de
89.247.151.158,i59F7979E.versanet.de
89.25.132.151,host-89.25.132.151.static.3s.pl
89.70.124.182,89-70-124-182.dynamic.play.pl
90.119.156.232,lfbn-lyo-1-577-232.w90-119.abo.wanadoo.fr
90.165.183.76,76.pool90-165-183.dynamic.orange.es
90.187.91.173,business-90-187-91-173.pool2.vodafone-ip.de
90.2.48.200,aputeaux-555-1-21-200.w90-2.abo.wanadoo.fr
90.93.19.194,lfbn-nan-1-1510-194.w90-93.abo.wanadoo.fr
91.106.133.100,100-133-N1.p11.customer.vsm.sh
91.126.81.245,hosted-by-soltia.es
91.152.169.109,91-152-169-109.elisa-laajakaista.fi
91.154.69.117,91-154-69-117.elisa-laajakaista.fi;vnkvserver.us.to
91.200.32.74,N/A
91.200.32.75,N/A
91.200.32.76,N/A
91.200.42.114,none
91.200.42.115,none
91.221.205.32,superbrian.fhd.de
91.225.132.54,static-91-225-132-54.devs.futuro.pl
91.225.138.241,aryatekstil.com.ua
91.225.138.243,none
91.225.138.250,none
91.230.156.192,91-230-156-192.revdns.platkom.pl
91.60.41.228,p5b3c29e4.dip0.t-ipconnect.de
91.99.89.135,static.135.89.99.91.clients.your-server.de
92.161.45.255,papadragon.fr;adijon-156-1-17-bdcst.w92-161.abo.wanadoo.fr
92.170.169.213,lfbn-idf3-1-1231-213.w92-170.abo.wanadoo.fr
92.94.125.219,219.125.94.92.rev.sfr.net
93.189.24.10,kvm01.ipax.at
93.189.24.20,kvm08.ipax.at
93.189.24.21,kvm09.ipax.at
93.189.24.22,kvm10.ipax.at
93.189.24.23,kvm11.ipax.at
93.189.24.24,kvm12.ipax.at
93.189.24.25,kvm13.ipax.at
93.222.79.212,p5dde4fd4.dip0.t-ipconnect.de
93.222.79.54,p5dde4f36.dip0.t-ipconnect.de
93.240.80.247,p5df050f7.dip0.t-ipconnect.de
93.255.174.234,p5dffaeea.dip0.t-ipconnect.de
93.90.203.244,clanxie.life
93.96.188.254,kvmip-1.shar.coreservers.uk
94.203.133.16,N/A
94.228.41.70,N/A
94.231.79.93,dynamic.komitex.net
94.240.130.10,static-pool-130-010.flagman.zp.ua
94.254.20.42,h-94-254-20-42.A392.priv.bahnhof.se
94.41.19.58,94.41.19.58.static.ufanet.ru
95.107.171.181,N/A
95.155.1.85,adsl-bb1-l85.crnagora.net
95.155.237.143,h95-155-237-143.cust.bredband2.com
95.213.254.120,N/A
95.213.254.123,N/A
95.234.133.197,host-95-234-133-197.retail.telecomitalia.it
95.33.119.35,www.bindzus.dyndns.org;dyndsl-095-033-119-035.ewe-ip-backbone.de;bindzus.dyndns.org
95.33.97.144,bindzus.dyndns.org;www.bindzus.dyndns.org;dyndsl-095-033-097-144.ewe-ip-backbone.de
95.33.97.208,www.bindzus.dyndns.org;bindzus.dyndns.org;dyndsl-095-033-097-208.ewe-ip-backbone.de
95.60.179.22,www.codespain.com;static-22-179-60-95.ipcom.comunitel.net;codespain.com
95.99.65.88,88-65-99-95.ftth.glasoperator.nl
96.11.67.2,syn-096-011-067-002.biz.spectrum.com
96.230.228.70,pool-96-230-228-70.bstnma.fios.verizon.net;masportsbook.mijobar.xyz
96.235.178.26,pool-96-235-178-26.cmdnnj.fios.verizon.net
96.241.75.17,pool-96-241-75-17.washdc.fios.verizon.net
96.45.193.98,96-45-193-98.beanfield.net
96.74.183.84,N/A
96.84.40.173,N/A
96.9.210.25,N/A
96.94.122.125,N/A
97.118.63.151,97-118-63-151.hlrn.qwest.net
97.184.119.8,8.sub-97-184-119.myvzw.com
97.225.74.199,199.sub-97-225-74.myvzw.com
97.79.184.107,syn-097-079-184-107.biz.spectrum.com
97.86.166.99,mail.vsmabrasives.com
98.109.121.145,pool-98-109-121-145.nwrknj.fios.verizon.net
98.169.142.103,ip98-169-142-103.dc.dc.cox.net
98.179.68.126,ip98-179-68-126.ph.ph.cox.net
98.192.92.46,c-98-192-92-46.hsd1.ga.comcast.net
98.204.242.72,c-98-204-242-72.hsd1.md.comcast.net
98.227.123.17,c-98-227-123-17.hsd1.il.comcast.net
98.252.2.97,c-98-252-2-97.hsd1.md.comcast.net;c-98-252-2-97.hsd1.de.comcast.net
98.34.203.245,c-98-34-203-245.hsd1.tx.comcast.net
98.45.157.84,c-98-45-157-84.hsd1.ca.comcast.net
98.62.153.86,c-98-62-153-86.hsd1.ga.comcast.net
99.0.107.107,99-0-107-107.lightspeed.plcsfl.sbcglobal.net
99.152.36.137,N/A
99.187.245.149,99-187-245-149.lightspeed.rcsntx.sbcglobal.net
99.217.4.55,N/A
99.231.5.156,pool-99-231-5-156.cpe.net.cable.rogers.com
99.53.217.148,99-53-217-148.lightspeed.gdrpmi.sbcglobal.net
99.70.18.59,99-70-18-59.lightspeed.miamfl.sbcglobal.net
